Genome.ID,Diseases.Infection.Wound,Host,Isolation,Country,Continent
637000218,Wound,Human,Skin,?,Unknown
638341158,Cystic Fibrosis,Human,Oral/Airways,USA,North America
638341159,Cystic Fibrosis,Human,Unknown,United Kingdom,Europe
638341161,Cystic Fibrosis,Human,Unknown,Unknown,Unknown
639279310,Infection - Other,Human,Unknown,USA,North America
643348568,Cystic Fibrosis,Human,Oral/Airways,United Kingdom,Europe
647000299,Infection - Other,Human,Unknown,Unknown,Unknown
649989990,Eye/Ear Infection,Human,Eye,United Kingdom,Europe
2501799902,Wound,Human,Skin,,Unknown
2501846300,Cystic Fibrosis,Human,Unknown,Denmark?,Europe
2502790010,Wound,Human,Skin,?,Unknown
2505313002,Cystic Fibrosis,Human,Unknown,USA,North America
2505313005,Unknown,Human,Clinical - Unknown Further Info,USA,North America
2507262019,Not Applicable,Environmental (Plant/Fruit/Terrestrial/Other),Soil,,Unknown
2507262021,Respiratory Issues/Infection,Human,Oral/Airways,Hungary,Europe
2507262022,Unknown,Human,Unknown,Italy,Europe
2507262023,Respiratory Issues/Infection,Human,Oral/Airways,Brazil,South America
2507262024,Circulatory System/Blood Disease/Issues,Human,Blood,Canada,North America
2510461024,Not Applicable,Environmental (Plant/Fruit/Terrestrial/Other),Soil,,Unknown
2510461025,Wound,Human,Skin,Sweden,Europe
2510461026,Respiratory Issues/Infection,Human,Oral/Airways,Hungary,Europe
2510461027,Unknown,Human,Clinical - Unknown Further Info,Italy,Europe
2510461028,Respiratory Issues/Infection,Human,Oral/Airways,Brazil,South America
2510461029,Unknown,Human,Unknown,USA,North America
2510461030,Not Applicable,Aquatic,Water,Puerto Rico,North America
2510461031,Not Applicable,Other - Engineered/Serotype/Unknown,Unknown,?,Unknown
2510461032,Unknown,Human,Clinical - Unknown Further Info,USA,North America
2510461033,Not Applicable,Other - Engineered/Serotype/Unknown,Unknown,,Unknown
2510461034,Not Applicable,Animal,Skin,?,Unknown
2510461035,Circulatory System/Blood Disease/Issues,Human,Blood,Canada,North America
2510461036,Genitourinary system Infection/Issues,Human,Urogenital System,Canada,North America
2510917011,Not Applicable,Other - Engineered/Serotype/Unknown,Unknown,?,Unknown
2511231165,Genitourinary system Infection/Issues,Human,Urogenital System,Japan,Asia
2511231183,Not Applicable,Environmental (Plant/Fruit/Terrestrial/Other),Rice/Fruit/Plant,China,Asia
2513237054,Associated Infection,Environmental (Plant/Fruit/Terrestrial/Other),Rice/Fruit/Plant,USA,Unknown
2513237259,Gastrointestinal system,Human,Gastrointestinal system,,Unknown
2516493000,Cystic Fibrosis,Human,Oral/Airways,Canada,North America
2519103020,Genitourinary system Infection/Issues,Human,Blood,Italy,Europe
2519103093,Cystic Fibrosis,Human,Oral/Airways,Denmark,Europe
2519899785,Cystic Fibrosis,Human,Oral/Airways,Denmark,Europe
2524614738,Not Applicable,Aquatic,Water,USA,North America
2529292742,Cystic Fibrosis,Human,Oral/Airways,?,Unknown
2529292743,Cystic Fibrosis,Human,Oral/Airways,?,Unknown
2529293227,Anastomic Leakage,Animal,Rat/Mouse,USA,North America
2529293228,Anastomic Leakage,Animal,Rat/Mouse,USA,North America
2534681678,Associated Infection,Environmental (Plant/Fruit/Terrestrial/Other),Rice/Fruit/Plant,USA,North America
2534681679,Associated Infection,Aquatic,Water,Industrial wastewater,Unknown
2537561515,Respiratory Issues/Infection,Human,Oral/Airways,Australia,Unknown
2537562155,Associated Infection,Environmental (Plant/Fruit/Terrestrial/Other),Soil,?,Unknown
2540341042,Circulatory System/Blood Disease/Issues,Human,Blood,Spain,Europe
2540341118,Gastrointestinal system,Human,Gastrointestinal system,Taiwan,Asia
2541047093,Unknown,Human,Unknown,?,Unknown
2545824565,Not Applicable,Environmental (Plant/Fruit/Terrestrial/Other),Soil,China,Asia
2545824566,Not Applicable,Environmental (Plant/Fruit/Terrestrial/Other),Soil,China,Asia
2545824567,Not Applicable,Environmental (Plant/Fruit/Terrestrial/Other),Soil,India,Asia
2545824568,Unknown,Human,Unknown,China,Asia
2545824744,Not Applicable,Environmental (Plant/Fruit/Terrestrial/Other),Unknown,?,Unknown
2548876757,Cystic Fibrosis,Human,Unknown,Brazil,South America
2548876758,Wound,Human,Skin,USA,North America
2548877050,Not Applicable,Environmental (Plant/Fruit/Terrestrial/Other),Soil,China,Asia
2551306114,Not Applicable,Other - Engineered/Serotype/Unknown,Engineered,USA?,North America
2551306150,Respiratory Issues/Infection,Human,Oral/Airways,China,Asia
2551306212,Circulatory System/Blood Disease/Issues,Human,Blood,USA,North America
2554235218,Unknown,Human,Unknown,China,Asia
2554235224,Unknown,Human,Unknown,China,Asia
2554235471,Eye/Ear Infection,Human,Eye,USA,North America
2558309053,Not Applicable,Other - Engineered/Serotype/Unknown,Engineered,?,Unknown
2558309066,Respiratory Issues/Infection,Human,Oral/Airways,China,Asia
2558309079,Cystic Fibrosis,Human,Unknown,?,Unknown
2558309081,Cystic Fibrosis,Human,Unknown,United Kingdom,Europe
2558309082,Not Applicable,Environmental (Plant/Fruit/Terrestrial/Other),Soil,India,Asia
2558860267,Not Applicable,Environmental (Plant/Fruit/Terrestrial/Other),Rice/Fruit/Plant,Malaysia,Asia
2558860367,Wound,Human,Skin,,Unknown
2562617103,Respiratory Issues/Infection,Human,Oral/Airways,Portugal,Europe
2562617104,Respiratory Issues/Infection,Human,Oral/Airways,Portugal,Europe
2562617129,Circulatory System/Blood Disease/Issues,Human,Blood,India,Asia
2563366590,Cystic Fibrosis,Human,Unknown,Germany?,Europe
2563366717,Not Applicable,Environmental (Plant/Fruit/Terrestrial/Other),Industrial,Unknown,Unknown
2565956573,Cystic Fibrosis,Human,Oral/Airways,United Kingdom,Europe
2565956574,Cystic Fibrosis,Human,Oral/Airways,United Kingdom,Europe
2565956575,Cystic Fibrosis,Human,Oral/Airways,Canada,North America
2565956576,Cystic Fibrosis,Human,Oral/Airways,Canada,North America
2565956577,Cystic Fibrosis,Human,Oral/Airways,Canada,North America
2565956578,Cystic Fibrosis,Human,Oral/Airways,Canada,North America
2568526011,Respiratory Issues/Infection,Human,Oral/Airways,,Unknown
2568526052,Not Applicable,Environmental (Plant/Fruit/Terrestrial/Other),Soil,USA,North America
2568526079,Unknown,Human,Unknown,USA,North America
2568526153,Not Applicable,Environmental (Plant/Fruit/Terrestrial/Other),Unknown,?,Unknown
2568526219,Genitourinary system Infection/Issues,Human,Urogenital System,USA,North America
2568526231,Not Applicable,Environmental (Plant/Fruit/Terrestrial/Other),Unknown,Colombia ,South America
2568526245,Not Applicable,Aquatic,Water,USA,North America
2568526317,Genitourinary system Infection/Issues,Human,Urogenital System,USA,North America
2568526461,Not Applicable,Environmental (Plant/Fruit/Terrestrial/Other),Environmental,Venezuela,South America
2568526560,Not Applicable,Environmental (Plant/Fruit/Terrestrial/Other),Unknown,?,Unknown
2568526577,Respiratory Issues/Infection,Human,Oral/Airways,USA,North America
2568526595,Eye/Ear Infection,Human,Eye,USA,North America
2568526692,Eye/Ear Infection,Human,Unknown,USA,North America
2568526708,Wound,Human,Skin,USA,North America
2568526712,Cystic Fibrosis,Human,Unknown,USA,North America
2568526744,Associated Infection,Environmental (Plant/Fruit/Terrestrial/Other),Soil,India,Asia
2571042077,Eye/Ear Infection,Human,Eye,USA,North America
2571042171,Eye/Ear Infection,Human,Eye,USA,North America
2571042176,Not Applicable,Environmental (Plant/Fruit/Terrestrial/Other),Environmental,unknown,Unknown
2571042179,Eye/Ear Infection,Human,Eye,USA,North America
2571042222,Not Applicable,Environmental (Plant/Fruit/Terrestrial/Other),Environmental,Colombia ,South America
2571042242,Eye/Ear Infection,Human,Eye,USA,North America
2571042301,Cystic Fibrosis,Human,Oral/Airways,Belgium,Europe
2571042302,Respiratory Issues/Infection,Human,Oral/Airways,USA,North America
2571042318,Wound,Human,Skin,USA,North America
2571042380,Not Applicable,Aquatic,Water,Colombia ,South America
2571042396,Respiratory Issues/Infection,Human,Oral/Airways,USA,North America
2571042424,Not Applicable,Environmental (Plant/Fruit/Terrestrial/Other),Industrial,India,Unknown
2571042490,Eye/Ear Infection,Human,Eye,USA,North America
2571042514,Eye/Ear Infection,Human,Eye,USA,North America
2571042519,Eye/Ear Infection,Human,Eye,USA,North America
2571042540,Unknown,Human,Unknown,Venezuela,South America
2571042564,Genitourinary system Infection/Issues,Human,Urogenital System,USA,North America
2571042625,Genitourinary system Infection/Issues,Human,Urogenital System,USA,North America
2571042644,Respiratory Issues/Infection,Human,Oral/Airways,USA,North America
2571042646,Wound,Human,Skin,USA,North America
2571042674,Respiratory Issues/Infection,Human,Oral/Airways,USA,North America
2571042676,Eye/Ear Infection,Human,Eye,India,Asia
2571042699,Eye/Ear Infection,Human,Eye,USA,North America
2571042745,Cystic Fibrosis,Human,Unknown,USA,North America
2571042769,Eye/Ear Infection,Human,Eye,USA,North America
2571042775,Circulatory System/Blood Disease/Issues,Human,Blood,India,Unknown
2571042807,Eye/Ear Infection,Human,Eye,USA,North America
2571042843,Not Applicable,Hospital Equipment,Unknown,unknown,Unknown
2571042854,Eye/Ear Infection,Human,Eye,USA,North America
2571042881,Respiratory Issues/Infection,Human,Oral/Airways,USA,North America
2571042900,Circulatory System/Blood Disease/Issues,Human,Blood,USA,North America
2571042902,Wound,Human,Skin,USA,North America
2574179764,Not Applicable,Environmental (Plant/Fruit/Terrestrial/Other),Rice/Fruit/Plant,India,Asia
2574179807,Unknown,Human,Unknown,,Unknown
2574179945,Unknown,Human,Unknown,,Unknown
2574179988,Associated Infection,Environmental (Plant/Fruit/Terrestrial/Other),Rice/Fruit/Plant,USA,North America
2574180006,Genitourinary system Infection/Issues,Human,Urogenital System,USA,North America
2574180050,Wound,Human,Skin,USA,North America
2574180090,Cystic Fibrosis,Human,Unknown,USA,North America
2574180126,Respiratory Issues/Infection,Human,Oral/Airways,USA,North America
2574180134,Unknown,Human,Unknown,,Unknown
2574180135,Eye/Ear Infection,Human,Eye,USA,North America
2574180151,Unknown,Human,Unknown,,Unknown
2574180171,Gastrointestinal system,Human,Gastrointestinal system,India,Asia
2574180211,Gastrointestinal system,Human,Gastrointestinal system,USA,North America
2574180290,Not Applicable,Aquatic,Water,Mexico,North America
2574180297,Unknown,Human,Unknown,,Unknown
2574180328,Eye/Ear Infection,Human,Eye,USA,North America
2576861003,Wound,Human,Skin,France,Europe
2576861022,Unknown,Human,Unknown,,Unknown
2576861056,Respiratory Issues/Infection,Human,Oral/Airways,USA,North America
2576861223,Not Applicable,Animal,Water,?,Unknown
2576861329,Genitourinary system Infection/Issues,Human,Urogenital System,USA,North America
2579778504,Wound,Human,Skin,USA,North America
2579778525,Respiratory Issues/Infection,Human,Oral/Airways,USA,North America
2579778540,Unknown,Human,Unknown,,Unknown
2579778545,Not Applicable,Environmental (Plant/Fruit/Terrestrial/Other),Rice/Fruit/Plant,Malaysia,Asia
2579778558,Unknown,Human,Unknown,,Unknown
2579778572,Not Applicable,Other - Engineered/Serotype/Unknown,Serotype,USA?,North America
2579778580,Cystic Fibrosis,Human,Unknown,USA,North America
2579778585,Eye/Ear Infection,Human,Unknown,USA,North America
2579778586,Eye/Ear Infection,Human,Eye,USA,North America
2579778594,Unknown,Human,Unknown,,Unknown
2579778617,Not Applicable,Other - Engineered/Serotype/Unknown,Serotype,USA,North America
2579778620,wound,Human,Skin,USA,North America
2579778632,Respiratory Issues/Infection,Human,Oral/Airways,USA,North America
2579778655,Eye/Ear Infection,Human,Eye,USA,North America
2579778687,Unknown,Human,Unknown,,Unknown
2579778688,Eye/Ear Infection,Human,Ear,USA,North America
2579778693,Respiratory Issues/Infection,Human,Oral/Airways,China,Asia
2579778696,Unknown,Human,Unknown,unknown,Unknown
2579778704,Not Applicable,Aquatic,Water,Colombia ,South America
2579778711,Unknown,Human,Unknown,,Unknown
2579778731,Eye/Ear Infection,Human,Eye,USA,North America
2579778733,Unknown,Human,Unknown,,Unknown
2579778739,Respiratory Issues/Infection,Human,Oral/Airways,USA,North America
2579778756,Wound,Human,Skin,USA,North America
2579778761,Not Applicable,Environmental (Plant/Fruit/Terrestrial/Other),Rice/Fruit/Plant,Mexico,North America
2579778766,Eye/Ear Infection,Human,Eye,India,Asia
2579778799,Genitourinary system Infection/Issues,Human,Unknown,USA,North America
2579778822,Genitourinary system Infection/Issues,Human,Urogenital System,USA,North America
2579778823,Genitourinary system Infection/Issues,Human,Urogenital System,USA,North America
2579778827,Eye/Ear Infection,Human,Eye,USA,North America
2579778838,Respiratory Issues/Infection,Human,Oral/Airways,USA,North America
2579778841,Not Applicable,Aquatic,Unknown,Colombia ,South America
2579778843,Respiratory Issues/Infection,Human,Oral/Airways,USA,North America
2579778853,Eye/Ear Infection,Human,Eye,USA,North America
2579778855,wound,Human,Skin,USA,North America
2579778860,Not Applicable,Environmental (Plant/Fruit/Terrestrial/Other),Soil,Malaysia,Asia
2579778868,Eye/Ear Infection,Human,Eye,USA,North America
2579778887,Respiratory Issues/Infection,Human,Oral/Airways,USA,North America
2579778897,Genitourinary system Infection/Issues,Human,Urogenital System,India,Unknown
2579778898,Not Applicable,Animal,Marine,Mexico,North America
2579778907,Cystic Fibrosis,Human,Unknown,USA,North America
2579778912,Respiratory Issues/Infection,Human,Oral/Airways,USA,North America
2579778915,Not Applicable,Aquatic,Water,Germany,Europe
2579778927,Eye/Ear Infection,Human,Eye,USA,North America
2579778948,Genitourinary system Infection/Issues,Human,Urogenital System,USA,North America
2579778950,Wound,Human,Skin,USA,North America
2579778953,Wound,Human,Skin,USA,North America
2579778965,Not Applicable,Aquatic,Water,indian ocean,Asia
2579778970,Wound,Human,Skin,France,Europe
2579778972,Circulatory System/Blood Disease/Issues,Human,Blood,USA,North America
2579778987,Eye/Ear Infection,Human,Eye,USA,North America
2579779000,Not Applicable,Aquatic,Marine,Malaysia,Asia
2579779017,Genitourinary system Infection/Issues,Human,Urogenital System,USA,North America
2579779027,Unknown,Human,Unknown,,Unknown
2579779047,Unknown,Human,Unknown,,Unknown
2579779057,Cystic Fibrosis,Human,Unknown,USA,North America
2579779059,Unknown,Human,Unknown,,Unknown
2579779063,Eye/Ear Infection,Human,Eye,USA,North America
2579779064,Eye/Ear Infection,Human,Eye,India,Asia
2579779066,Unknown,Human,Unknown,,Unknown
2579779074,Eye/Ear Infection,Human,Ear,USA,North America
2579779083,Not Applicable,Other - Engineered/Serotype/Unknown,Serotype,Japan?,Asia
2579779087,Respiratory Issues/Infection,Human,Oral/Airways,USA,North America
2579779091,Not Applicable,Aquatic,Water,USA,North America
2579779106,Circulatory System/Blood Disease/Issues,Human,Blood,USA,North America
2579779110,Unknown,Human,Unknown,,Unknown
2579779132,Genitourinary system Infection/Issues,Human,Urogenital System,USA,North America
2579779140,Genitourinary system Infection/Issues,Human,Urogenital System,USA,North America
2582580883,Eye/Ear Infection,Human,Eye,USA,North America
2582580893,Not Applicable,Environmental (Plant/Fruit/Terrestrial/Other),Unknown,?,Unknown
2582580894,Respiratory Issues/Infection,Human,Oral/Airways,USA,North America
2582580900,Not Applicable,Environmental (Plant/Fruit/Terrestrial/Other),Unknown,?,Unknown
2582580907,Unknown,Human,Unknown,USA,North America
2582580909,Wound,Human,Skin,USA,North America
2582580910,Genitourinary system Infection/Issues,Human,Urogenital System,USA,North America
2582580913,Unknown,Human,Unknown,,Unknown
2582580921,Unknown,Human,Unknown,,Unknown
2582580923,Unknown,Human,Unknown,,Unknown
2582580927,Unknown,Human,Unknown,,Unknown
2582580928,Unknown,Human,Unknown,,Unknown
2582580977,Genitourinary system Infection/Issues,Human,Urogenital System,USA,North America
2582580978,Genitourinary system Infection/Issues,Human,Urogenital System,USA,North America
2582580982,Genitourinary system Infection/Issues,Human,Urogenital System,USA,North America
2582580985,Unknown,Human,Unknown,,Unknown
2585427615,Associated Infection,Aquatic,Water,USA,North America
2585427671,Circulatory System/Blood Disease/Issues,Human,Blood,United Kingdom,Europe
2597489934,Circulatory System/Blood Disease/Issues,Human,Blood,India,Asia
2597489949,Cystic Fibrosis,Human,Unknown,,Unknown
2597489950,Cystic Fibrosis,Human,Oral/Airways,,Unknown
2597489951,Cystic Fibrosis,Human,Oral/Airways,?,Unknown
2597489954,Cystic Fibrosis,Human,Oral/Airways,"Canada,originally",North America
2597490142,Circulatory System/Blood Disease/Issues,Human,Blood,USA?,North America
2600255231,Cystic Fibrosis,Human,Oral/Airways,,Unknown
2606217733,Not Applicable,Environmental (Plant/Fruit/Terrestrial/Other),Soil,,Unknown
2609459787,Respiratory Issues/Infection,Human,Oral/Airways,?,Unknown
2609459869,Genitourinary system Infection/Issues,Human,Urogenital System,Germany?,Europe
2609459975,Unknown,Human,Unknown,Unknown,Unknown
2609460049,Circulatory System/Blood Disease/Issues,Human,Blood,Spain,Europe
2609460055,Wound,Human,Skin,USA,North America
2615840571,Cystic Fibrosis,Human,Oral/Airways,Canada,North America
2615840572,Cystic Fibrosis,Human,Oral/Airways,Canada,North America
2615840573,Cystic Fibrosis,Human,Oral/Airways,Canada,North America
2617271009,Eye/Ear Infection,Human,Eye,India,Asia
2617271040,Not Applicable,Environmental (Plant/Fruit/Terrestrial/Other),Soil,India,Asia
2617271249,Genitourinary system Infection/Issues,Human,Urogenital System,Brazil,South America
2617271286,Wound,Human,Skin,United Kingdom,Europe
2619619219,Cystic Fibrosis,Human,Oral/Airways,Denmark,Europe
2619619220,Cystic Fibrosis,Human,Oral/Airways,Denmark,Europe
2619619221,Cystic Fibrosis,Human,Oral/Airways,Denmark,Europe
2619619222,Cystic Fibrosis,Human,Oral/Airways,Denmark,Europe
2619619250,Genitourinary system Infection/Issues,Human,Urogenital System,USA,North America
2619619278,Eye/Ear Infection,Human,Eye,India,Asia
2627853747,Genitourinary system Infection/Issues,Human,Urogenital System,China,Asia
2627853842,Wound,Human,Skin,USA,North America
2627853942,Cystic Fibrosis,Human,Unknown,Brazil,South America
2627853962,Genitourinary system Infection/Issues,Human,Urogenital System,Japan,Asia
2627854093,Wound,Human,Skin,United Kingdom,Europe
2630968680,Cystic Fibrosis,Human,Oral/Airways,USA,North America
2636415941,Respiratory Issues/Infection,Human,Oral/Airways,?,Unknown
2636416113,Wound,Human,Skin,USA?,North America
2636416114,Not Applicable,Other - Engineered/Serotype/Unknown,Engineered,,Unknown
2639762801,Eye/Ear Infection,Human,Eye,India,Asia
2639762996,Unknown,Human,Unknown,Chile,South America
2639763011,Wound,Human,Skin,,Unknown
2639763030,Circulatory System/Blood Disease/Issues,Human,Blood,Malaysia,Asia
2645727511,Cystic Fibrosis,Human,Unknown,Australia,Unknown
2645727558,Wound,Human,Skin,Germany,Europe
2645727560,Cystic Fibrosis,Human,Blood,Spain,Europe
2645727567,Not Applicable,Animal,Unknown,Italy,Europe
2645727620,Genitourinary system Infection/Issues,Human,Urogenital System,Japan,Asia
2645727626,Cystic Fibrosis,Human,Unknown,Australia,Australia
2645727675,Not Applicable,Environmental (Plant/Fruit/Terrestrial/Other),Rice/Fruit/Plant,China,Asia
2645727884,Genitourinary system Infection/Issues,Human,Urogenital System,United Kingdom,Europe
2645728003,Not Applicable,Other - Engineered/Serotype/Unknown,Clinical - Unknown Further Info,?,?
2645728046,Not Applicable,Environmental (Plant/Fruit/Terrestrial/Other),Soil,Japan,Asia
2648501267,Unknown,Human,Unknown,Argentina,South America
2648501304,Cystic Fibrosis,Human,Unknown,Australia,Australia
2648501374,Wound,Human,Unknown,USA,North America
2648501394,Not Applicable,Environmental (Plant/Fruit/Terrestrial/Other),Eye,USA,North America
2648501792,Not Applicable,Environmental (Plant/Fruit/Terrestrial/Other),Soil,Kazakhstan,Asia
2648501891,Wound,Human,Skin,Romania,Europe
2651869646,Cystic Fibrosis,Human,Oral/Airways,USA,North America
2654587563,Genitourinary system Infection/Issues,Human,Urogenital System,United Kingdom,Europe
2654587699,Not Applicable,Aquatic,Unknown,Malaysia,Asia
2654587704,Eye/Ear Infection,Human,Eye,India,Asia
2654587800,Cystic Fibrosis,Human,Unknown,Australia,Australia
2657245007,Cystic Fibrosis,Human,Oral/Airways,Canada,North America
2657245489,Not Applicable,Other - Engineered/Serotype/Unknown,Serotype,,Unknown
2657245673,Cystic Fibrosis,Human,Oral/Airways,Canada,North America
2657245692,Not Applicable,Other - Engineered/Serotype/Unknown,Serotype,,Unknown
2660237944,Cystic Fibrosis,Human,Unknown,maybe Canada?,North America
2660238002,Cystic Fibrosis,Human,Unknown,Canada,North America
2660238005,Not Applicable,Other - Engineered/Serotype/Unknown,Serotype,,Unknown
2660238192,Cystic Fibrosis,Human,Oral/Airways,Canada,North America
2660238266,Infection - Other,Human,Unknown,USA,North America
2660238384,Respiratory Issues/Infection,Human,Oral/Airways,USA,North America
2660238658,Cystic Fibrosis,Human,Oral/Airways,Canada,North America
2660238666,Not Applicable,Other - Engineered/Serotype/Unknown,Serotype,,Unknown
2660238684,Not Applicable,Other - Engineered/Serotype/Unknown,Serotype,,Unknown
2660238714,Not Applicable,Other - Engineered/Serotype/Unknown,Serotype,,Unknown
2663762977,Cystic Fibrosis,Human,Oral/Airways,Canada,North America
2663763064,Cystic Fibrosis,Human,Unknown,maybe Canada?,North America
2663763067,Cystic Fibrosis,Human,Oral/Airways,Canada,North America
2663763191,Infection - Other,Human,Unknown,USA,North America
2663763194,Cystic Fibrosis,Human,Oral/Airways,United Kingdom,Europe
2663763493,Not Applicable,Other - Engineered/Serotype/Unknown,Serotype,,Unknown
2663763518,Cystic Fibrosis,Human,Oral/Airways,maybe Canada?,North America
2667527464,Not Applicable,Other - Engineered/Serotype/Unknown,Serotype,Czech Republic,Europe
2667527556,Cystic Fibrosis,Human,Oral/Airways,Australia,Australia
2667527606,Cystic Fibrosis,Human,Unknown,Canada,North America
2667527692,Cystic Fibrosis,Human,Oral/Airways,Canada,North America
2667527790,Cystic Fibrosis,Human,Oral/Airways,Canada,North America
2667527795,Cystic Fibrosis,Human,Oral/Airways,United Kingdom,Europe
2667527847,Respiratory Issues/Infection,Human,Oral/Airways,,Unknown
2667527901,Cystic Fibrosis,Human,Unknown,Canada,North America
2667528033,Not Applicable,Other - Engineered/Serotype/Unknown,Serotype,,Unknown
2667528072,Not Applicable,Other - Engineered/Serotype/Unknown,Serotype,,Unknown
2671180317,Not Applicable,Other - Engineered/Serotype/Unknown,Serotype,,Unknown
2671180318,Cancer,Human,Unknown,USA,North America
2671180382,Respiratory Issues/Infection,Human,Oral/Airways,United Kingdom,Europe
2671180397,Genitourinary system Infection/Issues,Human,Urogenital System,United Kingdom,Europe
2671180414,Circulatory System/Blood Disease/Issues,Human,Blood,United Kingdom,Europe
2671180440,Unknown,Human,Unknown,Netherlands,Europe
2671180445,Circulatory System/Blood Disease/Issues,Human,Oral/Airways,United Kingdom,Europe
2671180478,Unknown,Human,Unknown,United Kingdom,Europe
2671180484,Genitourinary system Infection/Issues,Human,Urogenital System,United Kingdom,Europe
2671180515,Not Applicable,Hospital Equipment,Unknown,United Kingdom,Europe
2671180558,Not Applicable,Other - Engineered/Serotype/Unknown,Serotype,,Unknown
2671180560,Circulatory System/Blood Disease/Issues,Human,Blood,United Kingdom,Europe
2671180611,Not Applicable,Environmental (Plant/Fruit/Terrestrial/Other),Rice/Fruit/Plant,USA,North America
2671180678,Cystic Fibrosis,Human,Oral/Airways,United Kingdom,Europe
2671180708,Wound,Human,Skin,United Kingdom,Europe
2671180760,Bone Related,Human,Gastrointestinal system,United Kingdom,Europe
2671180784,Cancer,Human,Unknown,USA,North America
2671180811,Wound,Human,Skin,United Kingdom,Europe
2671180825,Wound,Human,Skin,United Kingdom,Europe
2671180829,Wound,Human,Skin,United Kingdom,Europe
2671180937,Respiratory Issues/Infection,Human,Oral/Airways,United Kingdom,Europe
2671180955,Not Applicable,Other - Engineered/Serotype/Unknown,Serotype,,Unknown
2671181014,Cystic Fibrosis,Human,Unknown,Canada,North America
2671181021,Wound,Human,Unknown,United Kingdom,Europe
2671181088,Not Applicable,Hospital Equipment,Unknown,United Kingdom,Europe
2671181129,Cystic Fibrosis,Human,Unknown,Canada,North America
2671181137,Not Applicable,Hospital Equipment,Unknown,United Kingdom,Europe
2671181149,Wound,Human,Skin,United Kingdom,Europe
2675903282,Eye/Ear Infection,Human,Ear,Australia,Australia
2675903353,Genitourinary system Infection/Issues,Human,Urogenital System,United Kingdom,Europe
2675903363,Cystic Fibrosis,Human,Oral/Airways,United Kingdom,Europe
2675903378,Not Applicable,Hospital Equipment,Plug Hole/Sink,United Kingdom,Europe
2675903450,Genitourinary system Infection/Issues,Human,Urogenital System,United Kingdom,Europe
2675903518,Wound,Human,Skin,USA,North America
2675903566,Genitourinary system Infection/Issues,Human,Urogenital System,India,Asia
2675903567,Cystic Fibrosis,Human,Unknown,Canada,North America
2675903584,Respiratory Issues/Infection,Human,Oral/Airways,United Kingdom,Europe
2675903669,Circulatory System/Blood Disease/Issues,Human,Blood,United Kingdom,Europe
2675903677,Gastrointestinal system,Human,Gastrointestinal system,United Kingdom,Europe
2675903679,Cystic Fibrosis,Human,Oral/Airways,Canada,North America
2681813165,Cystic Fibrosis,Human,Oral/Airways,Canada,North America
2681813354,Not Applicable,Hospital Equipment,unknown,United Kingdom,Europe
2681813355,Not Applicable,Hospital Equipment,Plug Hole/Sink,United Kingdom,Europe
2681813356,Respiratory Issues/Infection,Human,Oral/Airways,United Kingdom,Europe
2681813357,Circulatory System/Blood Disease/Issues,Human,Oral/Airways,United Kingdom,Europe
2681813358,Respiratory Issues/Infection,Human,Oral/Airways,United Kingdom,Europe
2681813362,Gastrointestinal system,Human,Gastrointestinal system,Colombia ,South America
2684622547,Gastrointestinal system,Human,Unknown,USA,North America
2684622643,Not Applicable,Aquatic,Water,China,Asia
2684622752,Not Applicable,Industial ,Unknown,,Unknown
2684622753,Not Applicable,Industial ,Unknown,,Unknown
2684622754,Not Applicable,Industial ,Unknown,,Unknown
2684622755,Not Applicable,Industial ,Unknown,,Unknown
2684622756,Not Applicable,Industial ,Unknown,,Unknown
2684622757,Not Applicable,Industial ,Unknown,,Unknown
2684622758,Not Applicable,Industial ,Unknown,,Unknown
2684622759,Not Applicable,Industial ,Unknown,,Unknown
2684622760,Not Applicable,Industial ,Unknown,,Unknown
2684622761,Not Applicable,Industial ,Unknown,,Unknown
2684622762,Not Applicable,Industial ,Unknown,,Unknown
2684622809,Cystic Fibrosis,Human,Oral/Airways,USA,North America
2684622810,Cystic Fibrosis,Human,Oral/Airways,USA,North America
2684622811,Cystic Fibrosis,Human,Oral/Airways,USA,North America
2684622812,Cystic Fibrosis,Human,Oral/Airways,USA,North America
2684622813,Cystic Fibrosis,Human,Oral/Airways,USA,North America
2684622814,Cystic Fibrosis,Human,Oral/Airways,USA,North America
2684622815,Cystic Fibrosis,Human,Oral/Airways,USA,North America
2684622816,Cystic Fibrosis,Human,Oral/Airways,USA,North America
2684623051,Cancer,Human,Unknown,USA,North America
2684623070,Not Applicable,Environmental (Plant/Fruit/Terrestrial/Other),Soil,China,Asia
2684623148,Cancer,Human,Unknown,USA,North America
2684623234,Cancer,Human,Gastrointestinal system,USA,North America
2684623235,Circulatory System/Blood Disease/Issues,Human,Blood,?,Unknown
2687453104,Cancer,Human,Unknown,USA,North America
2687453120,Cancer,Human,Unknown,USA,North America
2687453218,Infection - Other,Human,Unknown,Netherlands,Europe
2687453225,Genitourinary system Infection/Issues,Human,Urogenital System,Japan,Asia
2687453227,Cancer,Human,Unknown,USA,North America
2687453261,Cancer,Human,Unknown,,Unknown
2687453262,Cancer,Human,Unknown,USA,North America
2687453263,Cancer,Human,Unknown,USA,North America
2687453307,Not Applicable,Animal,Cow,USA,North America
2687453349,Gastrointestinal system,Human,Gastrointestinal system,Japan,Asia
2687453356,Gastrointestinal system,Human,Skin,?,Unknown
2687453394,Not Applicable,Other - Engineered/Serotype/Unknown,Engineered,?,Unknown
2687453418,Cancer,Human,Unknown,USA,North America
2687453431,Not Applicable,Environmental (Plant/Fruit/Terrestrial/Other),Rice/Fruit/Plant,India,Asia
2687453452,Genitourinary system Infection/Issues,Human,Urogenital System,Nepal,Asia
2687453472,Cancer,Human,Unknown,USA,North America
2687453477,Cancer,Human,Unknown,USA,North America
2687453514,Cancer,Human,Unknown,USA,North America
2687453531,Cancer,Human,Unknown,USA,North America
2687453536,Wound,Human,Skin,USA,North America
2687453547,Cancer,Human,Unknown,USA,North America
2687453571,Cancer,Human,Unknown,USA,North America
2690316016,Infection - Other,Human,Unknown,USA,North America
2690316101,Circulatory System/Blood Disease/Issues,Human,Blood,United Kingdom,Europe
2690316141,Respiratory Issues/Infection,Human,Oral/Airways,United Kingdom,Europe
2690316151,Gastrointestinal system,Human,Gastrointestinal system,United Kingdom,Europe
2690316209,Wound,Human,Skin,United Kingdom,Europe
2690316240,Not Applicable,Hospital Equipment,unknown,United Kingdom,Europe
2690316242,Not Applicable,Hospital Equipment,Plug Hole/Sink,United Kingdom,Europe
2690316279,Respiratory Issues/Infection,Human,Oral/Airways,United Kingdom,Europe
2690316305,Not Applicable,Hospital Equipment,Plug Hole/Sink,United Kingdom,Europe
2690316310,Circulatory System/Blood Disease/Issues,Human,Blood,United Kingdom,Europe
2690316331,Wound,Human,Skin,United Kingdom,Europe
2690316332,Respiratory Issues/Infection,Human,Oral/Airways,United Kingdom,Europe
2693429537,Unknown,Human,Unknown,United Kingdom,Europe
2693429551,Respiratory Issues/Infection,Human,Oral/Airways,United Kingdom,Europe
2693429616,Genitourinary system Infection/Issues,Human,Urogenital System,United Kingdom,Europe
2693429626,Genitourinary system Infection/Issues,Human,Urogenital System,United Kingdom,Europe
2693429671,Not Applicable,Hospital Equipment,Plug Hole/Sink,United Kingdom,Europe
2693429724,Wound,Human,Skin,United Kingdom,Europe
2693429729,Respiratory Issues/Infection,Human,Oral/Airways,United Kingdom,Europe
2693429767,Respiratory Issues/Infection,Human,Oral/Airways,United Kingdom,Europe
2693429775,Wound,Human,Skin,United Kingdom,Europe
2695420356,Infection - Other,Human,Unknown,USA,North America
2695420396,Respiratory Issues/Infection,Human,Oral/Airways,United Kingdom,North America
2695420408,Not Applicable,Aquatic,Water,United Kingdom,Europe
2695420452,Bone Related,Human,Unknown,United Kingdom,Europe
2695420461,Circulatory System/Blood Disease/Issues,Human,Urogenital System,United Kingdom,Europe
2695420481,Infection - Other,Human,Unknown,United Kingdom,Europe
2695420489,Not Applicable,Other - Engineered/Serotype/Unknown,Serotype,,Unknown
2695420515,Respiratory Issues/Infection,Human,Oral/Airways,United Kingdom,Europe
2695420518,Not Applicable,Hospital Equipment,Plug Hole/Sink,United Kingdom,North America
2695420520,Circulatory System/Blood Disease/Issues,Human,Oral/Airways,United Kingdom,Europe
2695420590,Respiratory Issues/Infection,Human,Oral/Airways,United Kingdom,Europe
2695420633,wound,Human,Skin,United Kingdom,Europe
2695420637,Genitourinary system Infection/Issues,Human,Urogenital System,United Kingdom,Europe
2695420642,Respiratory Issues/Infection,Human,Oral/Airways,United Kingdom,Europe
2695420673,Circulatory System/Blood Disease/Issues,Human,Urogenital System,United Kingdom,Europe
2695420706,Circulatory System/Blood Disease/Issues,Human,Blood,United Kingdom,Europe
2695420707,Not Applicable,Hospital Equipment,Suction Tubing,United Kingdom,Europe
2695420740,Circulatory System/Blood Disease/Issues,Human,Blood,United Kingdom,Europe
2695420741,Wound,Human,Skin,United Kingdom,Europe
2695420749,Unknown,Human,Unknown,United Kingdom,Europe
2695420785,Circulatory System/Blood Disease/Issues,Human,Urogenital System,United Kingdom,Europe
2695420795,Genitourinary system Infection/Issues,Human,Urogenital System,United Kingdom,Europe
2695420796,Genitourinary system Infection/Issues,Human,Urogenital System,United Kingdom,Europe
2695420853,Gastrointestinal system,Human,Gastrointestinal system,United Kingdom,Europe
2695420858,Wound,Human,Skin,United Kingdom,Europe
2695420867,Unknown,Human,Urogenital System,United Kingdom,Europe
2695420907,Respiratory Issues/Infection,Human,Oral/Airways,United Kingdom,Europe
2695420908,Not Applicable,Hospital Equipment,Plug Hole/Sink,United Kingdom,Europe
2695420909,Circulatory System/Blood Disease/Issues,Human,Blood,United Kingdom,Europe
2698536356,Respiratory Issues/Infection,Human,Oral/Airways,United Kingdom,Europe
2698536405,Respiratory Issues/Infection,Human,Oral/Airways,United Kingdom,Europe
2698536406,Wound,Human,Blood,United Kingdom,Europe
2698536412,Unknown,Human,Unknown,United Kingdom,Europe
2698536426,Respiratory Issues/Infection,Human,Oral/Airways,United Kingdom,Europe
2698536472,Not Applicable,Hospital Equipment,Unknown,United Kingdom,Europe
2698536490,Not Applicable,Hospital Equipment,Plug Hole/Sink,United Kingdom,Europe
2700989384,Infection - Other,Human,Unknown,USA,North America
2700989385,Infection - Other,Human,Unknown,USA,North America
2700989386,Infection - Other,Human,Unknown,USA,North America
2700989387,Infection - Other,Human,Unknown,USA,North America
2700989388,Infection - Other,Human,Unknown,USA,North America
2700989433,Cystic Fibrosis,Human,Unknown,maybe Canada?,North America
2700989434,Not Applicable,Environmental (Plant/Fruit/Terrestrial/Other),Environmental,USA,North America
2700989435,Not Applicable,Environmental (Plant/Fruit/Terrestrial/Other),Soil,,Unknown
2700989436,Not Applicable,Environmental (Plant/Fruit/Terrestrial/Other),Soil,,Unknown
2700989437,Cystic Fibrosis,Human,Oral/Airways,Canada,North America
2700989438,Cystic Fibrosis,Human,Unknown,maybe Canada?,North America
2700989439,Cystic Fibrosis,Human,Oral/Airways,Canada,North America
2700989440,Cystic Fibrosis,Human,Oral/Airways,Canada,North America
2700989441,Cystic Fibrosis,Human,Oral/Airways,Canada,North America
2700989442,Cystic Fibrosis,Human,Oral/Airways,Canada,North America
2700989443,Cystic Fibrosis,Human,Oral/Airways,Canada,North America
2700989444,Cystic Fibrosis,Human,Oral/Airways,Canada,North America
2700989445,Cystic Fibrosis,Human,Oral/Airways,Canada,North America
2700989446,Cystic Fibrosis,Human,Oral/Airways,Canada,North America
2700989447,Cystic Fibrosis,Human,Oral/Airways,Canada,North America
2700989448,Cystic Fibrosis,Human,Oral/Airways,United Kingdom,Europe
2700989449,Cystic Fibrosis,Human,Oral/Airways,Canada,North America
2700989536,Not Applicable,Other - Engineered/Serotype/Unknown,Serotype,,Unknown
2700989537,Not Applicable,Other - Engineered/Serotype/Unknown,Serotype,,Unknown
2700989538,Not Applicable,Other - Engineered/Serotype/Unknown,Serotype,,Unknown
2700989539,Not Applicable,Other - Engineered/Serotype/Unknown,Serotype,,Unknown
2700989540,Not Applicable,Other - Engineered/Serotype/Unknown,Serotype,,Unknown
2703719348,Not Applicable,Other - Engineered/Serotype/Unknown,Serotype,,Unknown
2706794515,Cystic Fibrosis,Human,Unknown,maybe Canada?,North America
2706794599,Wound,Human,Skin,Germany,Europe
2711768170,Unknown,Human,Unknown,USA,North America
2718217765,Respiratory Issues/Infection,Human,Oral/Airways,China,Asia
2718217881,Unknown,Human,Unknown,Netherlands,Europe
2718218206,Respiratory Issues/Infection,Human,Oral/Airways,China,Asia
2718218240,Genitourinary system Infection/Issues,Human,Urogenital System,Brazil,South America
2718218242,Respiratory Issues/Infection,Human,Oral/Airways,China,Asia
2718218317,Respiratory Issues/Infection,Human,Oral/Airways,China,Asia
2718218367,Respiratory Issues/Infection,Human,Oral/Airways,China,Unknown
2718218368,Respiratory Issues/Infection,Human,Oral/Airways,China,Asia
2718218406,Not Applicable,Animal,Rat/Mouse,United Kingdom,Europe
2718218424,Not Applicable,Animal,Rat/Mouse,United Kingdom,Europe
2718218426,Respiratory Issues/Infection,Human,Oral/Airways,Brazil,South America
2718218427,Respiratory Issues/Infection,Human,Oral/Airways,China,Asia
2721755589,Unknown,Human,Unknown,Netherlands,Europe
2721755590,Wound,Human,Skin,Australia,Australia
2721755595,Not Applicable,Aquatic,Water,USA,North America
2721755597,Respiratory Issues/Infection,Human,Oral/Airways,Brazil,South America
2721755680,Respiratory Issues/Infection,Human,Oral/Airways,China,Unknown
2721755811,Circulatory System/Blood Disease/Issues,Human,Blood,Brazil,South America
2721755813,Respiratory Issues/Infection,Human,Oral/Airways,China,Asia
2724679032,Cystic Fibrosis,Human,Oral/Airways,Germany,Europe
2724679038,Cystic Fibrosis,Human,Oral/Airways,Germany,Europe
2724679040,Not Applicable,Environmental (Plant/Fruit/Terrestrial/Other),Soil,Argentina,South America
2724679066,Wound,Human,Skin,USA,North America
2724679067,Wound,Human,Skin,USA,North America
2724679068,Wound,Human,Oral/Airways,USA,North America
2724679100,Eye/Ear Infection,Human,Eye,India,Asia
2724679101,Eye/Ear Infection,Human,Eye,India,Asia
2728369079,Wound,Human,Skin,USA,North America
2728369622,Respiratory Issues/Infection,Human,Oral/Airways,Spain,Europe
2731957998,Not Applicable,Industial ,Unknown,,Unknown
2731957999,Not Applicable,Industial ,Unknown,,Unknown
2731958000,Not Applicable,Industial ,Unknown,,Unknown
2731958001,Not Applicable,Industial ,Unknown,,Unknown
2731958002,Not Applicable,Industial ,Unknown,,Unknown
2731958003,Not Applicable,Industial ,Unknown,,Unknown
2731958004,Not Applicable,Industial ,Unknown,,Unknown
2731958005,Not Applicable,Industial ,Unknown,,Unknown
2731958006,Not Applicable,Industial ,Unknown,,Unknown
2731958007,Not Applicable,Industial ,Unknown,,Unknown
2731958008,Not Applicable,Industial ,Unknown,,Unknown
2731958009,Not Applicable,Industial ,Unknown,,Unknown
2731958010,Not Applicable,Industial ,Unknown,,Unknown
2731958011,Not Applicable,Industial ,Unknown,,Unknown
2731958012,Not Applicable,Industial ,Unknown,,Unknown
2731958013,Not Applicable,Industial ,Unknown,,Unknown
2731958014,Not Applicable,Industial ,Unknown,,Unknown
2731958015,Not Applicable,Industial ,Unknown,,Unknown
2731958016,Not Applicable,Industial ,Unknown,,Unknown
2731958017,Not Applicable,Industial ,Unknown,,Unknown
2731958018,Not Applicable,Industial ,Unknown,,Unknown
2731958019,Not Applicable,Industial ,Unknown,,Unknown
2731958020,Not Applicable,Industial ,Unknown,,Unknown
2731958021,Not Applicable,Industial ,Unknown,,Unknown
2731958022,Not Applicable,Industial ,Unknown,,Unknown
2731958023,Not Applicable,Industial ,Unknown,,Unknown
2731958024,Not Applicable,Industial ,Unknown,,Unknown
2731958025,Not Applicable,Industial ,Unknown,,Unknown
2731958026,Not Applicable,Industial ,Unknown,,Unknown
2731958027,Not Applicable,Industial ,Unknown,,Unknown
2731958028,Not Applicable,Industial ,Unknown,,Unknown
2731958029,Not Applicable,Industial ,Unknown,,Unknown
2731958030,Not Applicable,Industial ,Unknown,,Unknown
2731958031,Not Applicable,Industial ,Unknown,,Unknown
2731958032,Not Applicable,Industial ,Unknown,,Unknown
2731958033,Not Applicable,Industial ,Unknown,,Unknown
2731958034,Not Applicable,Industial ,Unknown,,Unknown
2731958035,Not Applicable,Industial ,Unknown,,Unknown
2731958036,Not Applicable,Industial ,Unknown,,Unknown
2731958037,Not Applicable,Industial ,Unknown,,Unknown
2731958038,Not Applicable,Industial ,Unknown,,Unknown
2734482396,Not Applicable,Industial ,Unknown,,Unknown
2734482397,Not Applicable,Industial ,Unknown,,Unknown
2734482398,Not Applicable,Industial ,Unknown,,Unknown
2734482399,Not Applicable,Industial ,Unknown,,Unknown
2734482400,Not Applicable,Industial ,Unknown,,Unknown
2734482401,Not Applicable,Industial ,Unknown,,Unknown
2734482402,Not Applicable,Industial ,Unknown,,Unknown
2734482494,Not Applicable,Industial ,Unknown,,Unknown
2734482495,Not Applicable,Industial ,Unknown,,Unknown
2734482496,Not Applicable,Industial ,Unknown,,Unknown
2734482497,Not Applicable,Industial ,Unknown,,Unknown
2734482498,Not Applicable,Industial ,Unknown,,Unknown
2734482499,Not Applicable,Industial ,Unknown,,Unknown
2734482500,Not Applicable,Industial ,Unknown,,Unknown
2734482501,Not Applicable,Industial ,Unknown,,Unknown
2734482502,Not Applicable,Industial ,Unknown,,Unknown
2734482503,Not Applicable,Industial ,Unknown,,Unknown
2734482504,Not Applicable,Industial ,Unknown,,Unknown
2734482505,Not Applicable,Industial ,Unknown,,Unknown
2734482506,Not Applicable,Industial ,Unknown,,Unknown
2734482507,Not Applicable,Industial ,Unknown,,Unknown
2734482508,Not Applicable,Industial ,Unknown,,Unknown
2734482509,Not Applicable,Industial ,Unknown,,Unknown
2734482510,Not Applicable,Industial ,Unknown,,Unknown
2734482511,Not Applicable,Industial ,Unknown,,Unknown
2734482512,Not Applicable,Industial ,Unknown,,Unknown
2734482513,Not Applicable,Industial ,Unknown,,Unknown
2734482514,Not Applicable,Industial ,Unknown,,Unknown
2734482515,Not Applicable,Industial ,Unknown,,Unknown
2734482516,Not Applicable,Industial ,Unknown,,Unknown
2734482517,Not Applicable,Industial ,Unknown,,Unknown
2734482518,Not Applicable,Industial ,Unknown,,Unknown
2734482519,Not Applicable,Industial ,Unknown,,Unknown
2734482520,Not Applicable,Industial ,Unknown,,Unknown
2734482521,Not Applicable,Industial ,Unknown,,Unknown
2734482522,Not Applicable,Industial ,Unknown,,Unknown
2734482523,Not Applicable,Industial ,Unknown,,Unknown
2734482524,Not Applicable,Industial ,Unknown,,Unknown
2734482525,Not Applicable,Industial ,Unknown,,Unknown
2734482526,Not Applicable,Industial ,Unknown,,Unknown
2734482527,Not Applicable,Industial ,Unknown,,Unknown
2734482528,Not Applicable,Industial ,Unknown,,Unknown
2734482529,Not Applicable,Industial ,Unknown,,Unknown
2740892008,Cystic Fibrosis,Human,Oral/Airways,USA,North America
2740892009,Cystic Fibrosis,Human,Oral/Airways,USA,North America
2740892010,Cystic Fibrosis,Human,Oral/Airways,USA,North America
2740892052,Cystic Fibrosis,Human,Oral/Airways,USA,North America
2740892053,Cystic Fibrosis,Human,Oral/Airways,USA,North America
2740892054,Cystic Fibrosis,Human,Oral/Airways,USA,North America
2740892055,Cystic Fibrosis,Human,Oral/Airways,USA,North America
2740892056,Cystic Fibrosis,Human,Oral/Airways,USA,North America
2740892057,Cystic Fibrosis,Human,Oral/Airways,USA,North America
2740892058,Cystic Fibrosis,Human,Oral/Airways,USA,North America
2740892059,Cystic Fibrosis,Human,Oral/Airways,USA,North America
2740892060,Cystic Fibrosis,Human,Oral/Airways,USA,North America
2740892061,Cystic Fibrosis,Human,Oral/Airways,USA,North America
2740892062,Cystic Fibrosis,Human,Oral/Airways,USA,North America
2740892063,Cystic Fibrosis,Human,Oral/Airways,USA,North America
2740892064,Cystic Fibrosis,Human,Oral/Airways,USA,North America
2740892065,Cystic Fibrosis,Human,Oral/Airways,USA,North America
2740892066,Cystic Fibrosis,Human,Oral/Airways,USA,North America
2740892067,Cystic Fibrosis,Human,Oral/Airways,USA,North America
2740892068,Cystic Fibrosis,Human,Oral/Airways,USA,North America
2740892069,Cystic Fibrosis,Human,Oral/Airways,USA,North America
2740892070,Cystic Fibrosis,Human,Oral/Airways,USA,North America
2740892071,Cystic Fibrosis,Human,Oral/Airways,USA,North America
2740892072,Cystic Fibrosis,Human,Oral/Airways,USA,North America
2740892073,Cystic Fibrosis,Human,Oral/Airways,USA,North America
2740892074,Cystic Fibrosis,Human,Oral/Airways,USA,North America
2740892075,Cystic Fibrosis,Human,Oral/Airways,USA,North America
2740892076,Cystic Fibrosis,Human,Oral/Airways,USA,North America
2740892077,Cystic Fibrosis,Human,Oral/Airways,USA,North America
2740892078,Cystic Fibrosis,Human,Oral/Airways,USA,North America
2740892079,Cystic Fibrosis,Human,Oral/Airways,USA,North America
2740892080,Cystic Fibrosis,Human,Oral/Airways,USA,North America
2740892081,Cystic Fibrosis,Human,Oral/Airways,USA,North America
2740892082,Cystic Fibrosis,Human,Oral/Airways,USA,North America
2740892083,Cystic Fibrosis,Human,Oral/Airways,USA,North America
2740892084,Cystic Fibrosis,Human,Oral/Airways,USA,North America
2740892085,Cystic Fibrosis,Human,Oral/Airways,USA,North America
2740892086,Cystic Fibrosis,Human,Oral/Airways,USA,North America
2740892087,Cystic Fibrosis,Human,Oral/Airways,USA,North America
2740892088,Cystic Fibrosis,Human,Oral/Airways,USA,North America
2740892089,Cystic Fibrosis,Human,Oral/Airways,USA,North America
2740892090,Cystic Fibrosis,Human,Oral/Airways,USA,North America
2740892091,Cystic Fibrosis,Human,Oral/Airways,USA,North America
2740892092,Cystic Fibrosis,Human,Oral/Airways,USA,North America
2740892093,Cystic Fibrosis,Human,Oral/Airways,USA,North America
2740892094,Cystic Fibrosis,Human,Oral/Airways,USA,North America
2740892095,Cystic Fibrosis,Human,Oral/Airways,USA,North America
2740892096,Cystic Fibrosis,Human,Oral/Airways,USA,North America
2740892097,Cystic Fibrosis,Human,Oral/Airways,USA,North America
2740892098,Cystic Fibrosis,Human,Oral/Airways,USA,North America
2740892099,Cystic Fibrosis,Human,Oral/Airways,USA,North America
2740892100,Cystic Fibrosis,Human,Oral/Airways,USA,North America
2740892101,Cystic Fibrosis,Human,Oral/Airways,USA,North America
2744054530,Eye/Ear Infection,Human,Eye,India,Asia
2744054570,Not Applicable,Aquatic,Water,Malaysia,Asia
2744054676,Not Applicable,Hospital Equipment,Plug Hole/Sink,Australia,Australia
2744054677,Wound,Human,Skin,Australia,Australia
2744054678,Gastrointestinal system,Human,Gastrointestinal system,Australia,Australia
2744054992,Not Applicable,Environmental (Plant/Fruit/Terrestrial/Other),Engineered,China,Asia
2747842400,Cystic Fibrosis,Human,Oral/Airways,USA,North America
2747842401,Cystic Fibrosis,Human,Oral/Airways,USA,North America
2775506784,Cystic Fibrosis,Human,Unknown,Brazil,South America
2558309120,Circulatory System/Blood Disease/Issues,Human,Blood,India,Asia
2554235132,Not Applicable,Environmental (Plant/Fruit/Terrestrial/Other),Soil,India,Asia
2687453465,Not Applicable,Aquatic,Water,China,Asia
2724679180,Circulatory System/Blood Disease/Issues,Human,Blood,India,Asia
2645727823,Unknown,Human,cell culture,Canada,North America
2609460090,Unknown,Other - Engineered/Serotype/Unknown,Unknown,Unknown,Unknown
2582581497,Unknown,Other - Engineered/Serotype/Unknown,Unknown,Unknown,Unknown
2537562154,Not Applicable,Other - Engineered/Serotype/Unknown,Air,Unknown,Unknown
2667527676,Unknown,Other - Engineered/Serotype/Unknown,serotype,Unknown,Unknown
640753042,Associated Infection,Human,clinical isolate,Argentina,South America
2675903445,Unknown,Human,Surveillance swab,Afghanistan,Asia
